Estimate,lwr,upr,pval,contrast,n,EPV,prev,rho
0.00701229425729404,0.00504556331668377,0.00897902519790431,0,GLM,100,0.5,0.01,0
-0.00065855422310665,-0.0029158119544869,0.0015987035082736,0.869208815840975,EN,100,0.5,0.01,0
-0.0017437270836847,-0.0040054679727172,0.000518013805347806,0.176752117393024,AEN,100,0.5,0.01,0
0.00934907174972977,0.00747333612097485,0.0112248073784847,0,RF,100,0.5,0.01,0
0.00710712219850064,0.00570407670488688,0.0085101676921144,0,GLM,1000,20,0.05,0
-0.000729435764564107,-0.00213248125817786,0.000673609729049648,0.518068605983373,EN,1000,20,0.05,0
-0.00576580097425251,-0.00716884646786627,-0.00436275548063876,0,AEN,1000,20,0.05,0
0.00171958834116613,0.000316542847552376,0.00312263383477989,0.0101866026164401,RF,1000,20,0.05,0
-0.00503363407653314,-0.00643724624889882,-0.00363002190416745,0,GLM,500,0.5,0.05,0.3
6.82556406862156e-05,-0.00133535653167947,0.0014718678130519,0.99985798200712,EN,500,0.5,0.05,0.3
-0.0566707306875775,-0.0580787776645873,-0.0552626837105678,0,AEN,500,0.5,0.05,0.3
-0.0738932466387297,-0.0752968588110954,-0.0724896344663641,0,RF,500,0.5,0.05,0.3
0.00937936300996084,0.00797641869870994,0.0107823073212117,0,GLM,5000,10,0.1,0.3
-3.62148060219641e-05,-0.00143915911727287,0.00136672950522894,0.999988602037382,EN,5000,10,0.1,0.3
-0.014148223155027,-0.0155511674662779,-0.0127452788437761,0,AEN,5000,10,0.1,0.3
-0.0816858411492452,-0.0830887854604961,-0.0802828968379943,0,RF,5000,10,0.1,0.3
-0.00134473131772371,-0.00274760262708174,5.8139991634317e-05,0.0645910817866853,GLM,500,1,0.1,0.3
7.33277155998968e-05,-0.00132954359375813,0.00147619902495792,0.999811008599615,EN,500,1,0.1,0.3
-0.0560449344580145,-0.05744903705081,-0.054640831865219,0,AEN,500,1,0.1,0.3
-0.0788486525486208,-0.0802515238579788,-0.0774457812392628,0,RF,500,1,0.1,0.3
0.00658812415034938,0.00518550050889548,0.00799074779180328,0,GLM,5000,1,0.01,0.6
-0.000118261728400709,-0.00152088536985461,0.00128436191305319,0.998755484156201,EN,5000,1,0.01,0.6
-0.0128917778549353,-0.0142944014963892,-0.0114891542134814,0,AEN,5000,1,0.01,0.6
-0.0463506840889751,-0.047753307730429,-0.0449480604475212,0,RF,5000,1,0.01,0.6
0.0080508526710855,0.0066469838752956,0.00945472146687541,0,GLM,1000,1,0.05,0.6
-0.000242879261960011,-0.00164674805774992,0.0011609895338299,0.980762036987468,EN,1000,1,0.05,0.6
-0.033972306661019,-0.0353761754568089,-0.0325684378652291,0,AEN,1000,1,0.05,0.6
-0.0565064841754027,-0.0579103529711926,-0.0551026153796128,0,RF,1000,1,0.05,0.6
-0.00384007329298672,-0.0052426346576569,-0.00243751192831653,5.76311220967796e-11,GLM,500,0.5,0.05,0.6
0.000172798605805186,-0.001229762758865,0.00157535997047537,0.994613274672782,EN,500,0.5,0.05,0.6
-0.0446106884733099,-0.0460169657075661,-0.0432044112390536,0,AEN,500,0.5,0.05,0.6
-0.0490621610683556,-0.0504647224330258,-0.0476595997036854,0,RF,500,0.5,0.05,0.6
0.00762625145812115,0.00622352626176275,0.00902897665447954,0,GLM,5000,10,0.1,0.6
-0.000163865506648181,-0.00156659070300657,0.00123885968971021,0.995595835246601,EN,5000,10,0.1,0.6
-0.0147277667857874,-0.0161304919821458,-0.013325041589429,0,AEN,5000,10,0.1,0.6
-0.0608185001305766,-0.062221225326935,-0.0594157749342182,0,RF,5000,10,0.1,0.6
-0.00232749123536209,-0.00373108285911522,-0.000923899611608963,0.000194632008667095,GLM,500,1,0.1,0.6
-0.000279512227224929,-0.00168310385097806,0.0011240793965282,0.968192359106226,EN,500,1,0.1,0.6
-0.0477769640225052,-0.049183738798794,-0.0463701892462163,0,AEN,500,1,0.1,0.6
-0.0535727321961869,-0.05497632381994,-0.0521691405724338,0,RF,500,1,0.1,0.6
0.00235958875674674,0.00095726472174871,0.00376191279174476,0.000163145635446726,GLM,5000,1,0.01,0.95
-2.12124931148472e-05,-0.00142353652811287,0.00138111154188318,0.999998654581166,EN,5000,1,0.01,0.95
-0.00596202524561278,-0.00736434928061081,-0.00455970121061476,0,AEN,5000,1,0.01,0.95
-0.00532070560308835,-0.00672302963808638,-0.00391838156809033,0,RF,5000,1,0.01,0.95
0.00436113942075066,0.00295823087396092,0.00576404796754039,4.82947015711943e-14,GLM,1000,1,0.05,0.95
5.94817545916809e-05,-0.00134342679219805,0.00146239030138142,0.999917655401384,EN,1000,1,0.05,0.95
-0.011829585795075,-0.0132328453761619,-0.010426326213988,0,AEN,1000,1,0.05,0.95
-0.0019313183226102,-0.00333422686939994,-0.000528409775820469,0.00280851197230336,RF,1000,1,0.05,0.95
0.0082190217301804,0.00681590377558125,0.00962213968477954,0,GLM,500,10,0.05,0
-0.00100202165675148,-0.00240513961135062,0.000401096297847663,0.239719232957277,EN,500,10,0.05,0
-0.006252021469262,-0.00765513942386114,-0.00484890351466286,0,AEN,500,10,0.05,0
0.002155327409618,0.000752209455018864,0.00355844536421715,0.000667603216983781,RF,500,10,0.05,0
-0.00841544976931881,-0.00981838622874306,-0.00701251330989456,0,GLM,500,0.5,0.05,0.95
0.000165993467505052,-0.0012369429919192,0.0015689299269293,0.995378695106455,EN,500,0.5,0.05,0.95
-0.0209350681945407,-0.0223411863206782,-0.0195289500684033,0,AEN,500,0.5,0.05,0.95
0.00500034286647641,0.00359740640705216,0.00640327932590066,0,RF,500,0.5,0.05,0.95
0.00365126507557582,0.00224777524193897,0.00505475490921268,4.49964177029472e-10,GLM,5000,10,0.1,0.95
-6.28690146233651e-05,-0.00146635884826022,0.00134062081901349,0.999897356402429,EN,5000,10,0.1,0.95
-0.010398068344354,-0.0118015581779908,-0.00899457851071711,0,AEN,5000,10,0.1,0.95
-0.0116028457607843,-0.0130063355944211,-0.0101993559271474,0,RF,5000,10,0.1,0.95
-0.00594518124184865,-0.00734845986423704,-0.00454190261946025,0,GLM,500,1,0.1,0.95
-0.000163263961381624,-0.00156654258377002,0.00124001466100677,0.995664224696274,EN,500,1,0.1,0.95
-0.0221487033886621,-0.0235558785387695,-0.0207415282385546,0,AEN,500,1,0.1,0.95
0.00324305567903395,0.00183977705664555,0.00464633430142235,4.98568618612083e-08,RF,500,1,0.1,0.95
0.0104605971427814,0.00905771855860888,0.0118634757269539,0,GLM,5000,0.5,0.01,0
3.95238532875236e-05,-0.00136335473088497,0.00144240243746001,0.999983842716478,EN,5000,0.5,0.01,0
-0.0145766139943005,-0.015979492578473,-0.013173735410128,0,AEN,5000,0.5,0.01,0
-0.121418100313806,-0.122820978897978,-0.120015221729633,0,RF,5000,0.5,0.01,0
-0.0285219595130511,-0.0299250411530286,-0.0271188778730736,0,GLM,1000,0.5,0.05,0
0.00022925804436924,-0.00117382359560826,0.00163233968434674,0.984479638277333,EN,1000,0.5,0.05,0
-0.0507082155103784,-0.052120997228548,-0.0492954337922088,0,AEN,1000,0.5,0.05,0
-0.132417678492192,-0.13382076013217,-0.131014596852215,0,RF,1000,0.5,0.05,0
-0.0280152896615121,-0.0294179302012965,-0.0266126491217277,0,GLM,1000,1,0.1,0
0.000208635451271533,-0.00119400508851287,0.00161127599105593,0.989055376758726,EN,1000,1,0.1,0
-0.0520155659721453,-0.0534280875472723,-0.0506030443970183,0,AEN,1000,1,0.1,0
-0.135696698847644,-0.137099339387428,-0.134294058307859,0,RF,1000,1,0.1,0
-0.0285507319564928,-0.0299538643245676,-0.0271475995884179,0,GLM,500,0.5,0.1,0
7.81652134890509e-05,-0.00132496715458578,0.00148129758156388,0.99975642841983,EN,500,0.5,0.1,0
-0.0736239059419942,-0.075027038310069,-0.0722207735739194,0,AEN,500,0.5,0.1,0
-0.11309257379892,-0.114495706166995,-0.111689441430845,0,RF,500,0.5,0.1,0
0.00889306021446917,0.0074905429514353,0.0102955774775031,0,GLM,5000,0.5,0.01,0.3
-8.84182125930472e-05,-0.00149093547562692,0.00131409905044083,0.999603395958348,EN,5000,0.5,0.01,0.3
-0.0141217156777175,-0.0155242329407514,-0.0127191984146836,0,AEN,5000,0.5,0.01,0.3
-0.104052392365781,-0.105454909628815,-0.102649875102747,0,RF,5000,0.5,0.01,0.3
0.0108957031615192,0.00949278596488956,0.0122986203581488,0,GLM,500,20,0.1,0
-0.00122341005281625,-0.00262632724944587,0.000179507143813376,0.107387049202016,EN,500,20,0.1,0
-0.00978476011653709,-0.0111876773131667,-0.00838184291990747,0,AEN,500,20,0.1,0
0.00220256799730394,0.000799650800674315,0.00360548519393356,0.000474590756469606,RF,500,20,0.1,0
0.00231793055660795,0.000915391625189371,0.00372046948802653,0.000200587210131165,GLM,5000,20,0.01,0.3
-0.000214685572021988,-0.00161722450344057,0.00118785335939659,0.987780887252485,EN,5000,20,0.01,0.3
-0.00137922396132282,-0.00278176289274139,2.33149700957639e-05,0.0555962563066106,AEN,5000,20,0.01,0.3
0.00083632576113481,-0.000566213170283769,0.00223886469255339,0.394708535635549,RF,5000,20,0.01,0.3
0.00704945756501274,0.00564580751416233,0.00845310761586315,0,GLM,1000,20,0.05,0.3
-0.000582320410670092,-0.0019859704615205,0.000821329640180317,0.701145600057454,EN,1000,20,0.05,0.3
-0.00537250054325486,-0.00677615059410527,-0.00396885049240445,0,AEN,1000,20,0.05,0.3
0.00177545952588412,0.000371809475033712,0.00317910957673453,0.00744126494173625,RF,1000,20,0.05,0.3
0.00797508716612809,0.00657229154376017,0.00937788278849601,0,GLM,500,10,0.05,0.3
-0.00095297154992352,-0.00235576717229144,0.000449824072444402,0.280465123512781,EN,500,10,0.05,0.3
-0.00620598400399942,-0.00760877962636735,-0.0048031883816315,0,AEN,500,10,0.05,0.3
0.00216991513736373,0.000767119514995804,0.00357271075973165,0.000576846133857778,RF,500,10,0.05,0.3
0.0108761007876253,0.00947284170537866,0.0122793598698719,0,GLM,500,20,0.1,0.3
-0.00106084033186714,-0.00246409941411378,0.000342418750379502,0.196665534068059,EN,500,20,0.1,0.3
-0.0100549168924747,-0.0114581759747214,-0.00865165781022809,0,AEN,500,20,0.1,0.3
0.00217973420870883,0.00077647512646219,0.00358299329095547,0.000616991473416095,RF,500,20,0.1,0.3
0.0022435474863459,0.000840760224644223,0.00364633474804757,0.000364062710545565,GLM,5000,20,0.01,0.6
-0.000147493703142768,-0.00155028096484444,0.00125529355855891,0.997062378622889,EN,5000,20,0.01,0.6
-0.00116707745786103,-0.0025698647195627,0.000235709803840648,0.133569669935923,AEN,5000,20,0.01,0.6
0.000801616262780806,-0.000601170998920868,0.00220440352448248,0.433123433893133,RF,5000,20,0.01,0.6
0.00696153834867415,0.00555903136845409,0.00836404532889421,0,GLM,1000,20,0.05,0.6
-0.000304657855371676,-0.00170716483559173,0.00109784912484838,0.956981733005335,EN,1000,20,0.05,0.6
-0.00578572758550623,-0.00718823456572629,-0.00438322060528617,0,AEN,1000,20,0.05,0.6
0.00183271471135543,0.000430207731135373,0.00323522169157549,0.00541868728781658,RF,1000,20,0.05,0.6
0.0078013969224853,0.00639888884399076,0.00920390500097984,0,GLM,500,10,0.05,0.6
-0.000499962766291717,-0.00190247084478626,0.000902545312202823,0.79766859863336,EN,500,10,0.05,0.6
-0.006203226591464,-0.00760573466995854,-0.00480071851296945,0,AEN,500,10,0.05,0.6
0.00231038463630649,0.000907876557811952,0.00371289271480103,0.00022865730277144,RF,500,10,0.05,0.6
0.00645146861450373,0.00504887642721016,0.00785406080179729,0,GLM,500,20,0.05,0
-0.00103941556686975,-0.00244200775416331,0.000363176620423816,0.211591043697868,EN,500,20,0.05,0
-0.00301488144407168,-0.00441747363136524,-0.00161228925677812,5.46088794850519e-07,AEN,500,20,0.05,0
-0.00114298127921798,-0.00254557346651155,0.000259610908075581,0.146333979734743,RF,500,20,0.05,0
0.0109809379261902,0.00957747994211276,0.0123843959102676,0,GLM,500,20,0.1,0.6
-0.000717686955514024,-0.00212114493959145,0.000685771028563402,0.532392273577774,EN,500,20,0.1,0.6
-0.00968282691977422,-0.0110862849038516,-0.00827936893569679,0,AEN,500,20,0.1,0.6
0.00270068201151229,0.00129722402743486,0.00410413999558971,8.59168396261101e-06,RF,500,20,0.1,0.6
0.00241463235898714,0.00101217006141687,0.00381709465655742,9.88853064115558e-05,GLM,5000,20,0.01,0.95
-2.68167445854547e-05,-0.00142927904215573,0.00137564555298482,0.999996566498086,EN,5000,20,0.01,0.95
-0.00189369471448787,-0.00329615701205814,-0.000491232416917595,0.00371751526216235,AEN,5000,20,0.01,0.95
0.000937458142534917,-0.000465004155035358,0.00233992044010519,0.294228867380212,RF,5000,20,0.01,0.95
0.00626046449703391,0.00485755984652128,0.00766336914754653,0,GLM,1000,20,0.05,0.95
-0.00017946096407355,-0.00158236561458617,0.00122344368643908,0.993770074922309,EN,1000,20,0.05,0.95
-0.00813482250845869,-0.00953772715897132,-0.00673191785794607,0,AEN,1000,20,0.05,0.95
0.000945494613698583,-0.000457410036814042,0.00234839926421121,0.287035780413913,RF,1000,20,0.05,0.95
0.00672481747417515,0.00532230731018679,0.00812732763816351,0,GLM,500,10,0.05,0.95
-1.36527709560241e-05,-0.00141616293494438,0.00138885739303233,0.999999768929962,EN,500,10,0.05,0.95
-0.00861161885970718,-0.0100141290236955,-0.00720910869571882,0,AEN,500,10,0.05,0.95
0.00113426971987893,-0.00026824044410943,0.00253677988386729,0.151068484679771,RF,500,10,0.05,0.95
0.00903086539321328,0.00762867211479713,0.0104330586716294,0,GLM,500,20,0.1,0.95
-2.35728490776688e-05,-0.00142576612749382,0.00137862042933848,0.999997948882108,EN,500,20,0.1,0.95
-0.0129354183232399,-0.0143376116016561,-0.0115332250448238,0,AEN,500,20,0.1,0.95
0.000379576114109145,-0.00102261716430701,0.0017817693925253,0.910619561043292,RF,500,20,0.1,0.95
0.0034680008034127,0.00206563419235337,0.00487036741447204,3.63106922307566e-09,GLM,5000,10,0.01,0
-0.00031199786604337,-0.00171436447710271,0.00109036874501597,0.953312496523631,EN,5000,10,0.01,0
-0.00332558907647378,-0.00472795568753311,-0.00192322246541444,3.4433294660019e-08,AEN,5000,10,0.01,0
0.00112950168773737,-0.000272864923321972,0.0025318682987967,0.153737664587454,RF,5000,10,0.01,0
0.00543095858392061,0.00402691535245049,0.00683500181539072,0,GLM,500,1,0.01,0
-0.000582959530438708,-0.00198823260544588,0.000822313544568462,0.701485266852662,EN,500,1,0.01,0
-0.00496867362139463,-0.00637377054187635,-0.00356357670091291,0,AEN,500,1,0.01,0
0.00109480978289895,-0.000309233448571162,0.00249885301436906,0.175028822181016,RF,500,1,0.01,0
0.0086934829615679,0.00729078675199035,0.0100961791711454,0,GLM,1000,10,0.05,0
-0.00102125086670693,-0.00242394707628447,0.000381445342870613,0.224922484512146,EN,1000,10,0.05,0
-0.0112877112671246,-0.0126904074767021,-0.00988501505754706,0,AEN,1000,10,0.05,0
0.00142750498892438,2.48087793468397e-05,0.00283020119850193,0.0446251161024713,RF,1000,10,0.05,0
0.0130508019179208,0.0116448084154187,0.0144567954204228,0,GLM,100,1,0.05,0
-0.00176034620332359,-0.0031698688200302,-0.000350823586616981,0.00827493656440192,EN,100,1,0.05,0
-0.0135838006592277,-0.0149922580104997,-0.0121753433079558,0,AEN,100,1,0.05,0
0.00415876254543589,0.00275276904293386,0.00556475604793792,1.35935707135104e-12,RF,100,1,0.05,0
0.0103514571019704,0.00894825853193099,0.0117546556720098,0,GLM,1000,20,0.1,0
-0.00101954031194737,-0.00242273888198679,0.000383658258092054,0.226228349091979,EN,1000,20,0.1,0
-0.0150662015404178,-0.0164694001104573,-0.0136630029703784,0,AEN,1000,20,0.1,0
0.0011581106404987,-0.000245087929540725,0.00256130921053812,0.138327620498404,RF,1000,20,0.1,0
0.0083108494003303,0.0063036085147074,0.0103180902859532,0,GLM,100,0.5,0.01,0.3
-0.000646807571848075,-0.00295614095493088,0.00166252581123473,0.883691714555287,EN,100,0.5,0.01,0.3
-0.00160664833151052,-0.00392325776988735,0.000709961106866314,0.252266907344673,AEN,100,0.5,0.01,0.3
0.0106359436911697,0.00873091860765847,0.012540968774681,0,RF,100,0.5,0.01,0.3
0.012577996400381,0.0111756958061641,0.0139802969945978,0,GLM,500,10,0.1,0
-0.00133913864250085,-0.00274143923671769,6.31619517159996e-05,0.0663867519273708,EN,500,10,0.1,0
-0.0177221171249223,-0.0191244177191391,-0.0163198165307054,0,AEN,500,10,0.1,0
0.00151033568330861,0.000108035089091758,0.00291263627752545,0.0301216287276598,RF,500,10,0.1,0
0.00322715080076152,0.00182422756365771,0.00463007403786532,8.66480304173578e-08,GLM,5000,10,0.01,0.3
-0.000296936387245969,-0.00169985962434977,0.00110598684985783,0.96064076370245,EN,5000,10,0.01,0.3
-0.00336718690372206,-0.00477011014082586,-0.00196426366661825,1.50586076941295e-08,AEN,5000,10,0.01,0.3
0.00102340956436792,-0.000379513672735881,0.00242633280147173,0.223406276989667,RF,5000,10,0.01,0.3
0.00512636904611885,0.00372077182880542,0.00653196626343229,0,GLM,500,1,0.01,0.3
-0.000550926130232166,-0.00195899395753995,0.000857141697075621,0.741616003794709,EN,500,1,0.01,0.3
-0.00493778023306122,-0.00634655956467452,-0.00352900090144792,0,AEN,500,1,0.01,0.3
0.00138865777546474,-1.64139659163773e-05,0.00279372951684586,0.0540061677967381,RF,500,1,0.01,0.3
0.00834648638456434,0.00694317602314435,0.00974979674598433,0,GLM,1000,10,0.05,0.3
-0.000828218071215234,-0.00223152843263523,0.000575092290204758,0.403498521088711,EN,1000,10,0.05,0.3
-0.0112044167837513,-0.0126077271451713,-0.00980110642233129,0,AEN,1000,10,0.05,0.3
0.00151063920827352,0.000107328846853526,0.00291394956969351,0.0300548042001358,RF,1000,10,0.05,0.3
0.0117736158342872,0.0103684788325865,0.013178752835988,0,GLM,100,1,0.05,0.3
-0.00168576481290678,-0.00309389728217783,-0.000277632343635726,0.0126165993378443,EN,100,1,0.05,0.3
-0.0129767160978765,-0.0143844938291474,-0.0115689383666056,0,AEN,100,1,0.05,0.3
0.00416650972068069,0.00276137271897995,0.00557164672238144,1.33448807559944e-12,RF,100,1,0.05,0.3
0.0105298399240421,0.0091268916855905,0.0119327881624938,0,GLM,1000,20,0.1,0.3
-0.000990742540224104,-0.00239369077867574,0.000412205698227532,0.248710271651461,EN,1000,20,0.1,0.3
-0.0151159262780284,-0.01651887451648,-0.0137129780395767,0,AEN,1000,20,0.1,0.3
0.00144609668249117,4.31484440395326e-05,0.0028490449209428,0.040936173168623,RF,1000,20,0.1,0.3
0.0119169289828757,0.0105142827627408,0.0133195752030105,0,GLM,500,10,0.1,0.3
-0.00145814350459054,-0.0028607897247254,-5.54972844556867e-05,0.0386997646576981,EN,500,10,0.1,0.3
-0.0179106064409513,-0.0193132526610862,-0.0165079602208165,0,AEN,500,10,0.1,0.3
0.0012444299704082,-0.000158216249726655,0.00264707619054306,0.0987023913099905,RF,500,10,0.1,0.3
0.00276451532688549,0.00136111139561853,0.00416791925815244,7.17243910641763e-06,GLM,5000,10,0.01,0.6
-0.000218881830826918,-0.00162228576209387,0.00118452210044004,0.986871306131151,EN,5000,10,0.01,0.6
-0.00275842357143641,-0.00416182750270337,-0.00135501964016946,6.21884612606038e-06,AEN,5000,10,0.01,0.6
0.000931711278536904,-0.000471692652730053,0.00233511520980386,0.299421377713944,RF,5000,10,0.01,0.6
0.00491126126134426,0.00350495141136014,0.00631757111132837,0,GLM,500,1,0.01,0.6
-0.000217092694613605,-0.00162569278349006,0.00119150739426285,0.987434109816039,EN,500,1,0.01,0.6
-0.00439034214239213,-0.00579983009778529,-0.00298085418699898,1.39555034195382e-13,AEN,500,1,0.01,0.6
0.00221327586683092,0.000807316047022266,0.00361923568663957,0.000472511526388386,RF,500,1,0.01,0.6
0.00785018387602414,0.00644770240869982,0.00925266534334845,0,GLM,1000,10,0.05,0.6
-0.000731930709975043,-0.00213441217729936,0.000670550757349272,0.515107322403927,EN,1000,10,0.05,0.6
-0.00986667452127371,-0.011269155988598,-0.0084641930539494,0,AEN,1000,10,0.05,0.6
0.00178997810776538,0.000387496640441063,0.00319245957508969,0.00694917540370632,RF,1000,10,0.05,0.6
0.00623635029805708,0.00483348456196401,0.00763921603415015,0,GLM,500,20,0.05,0.3
-0.00072573026468345,-0.00212859600077652,0.000677135471409622,0.522600835200784,EN,500,20,0.05,0.3
-0.00285473071405697,-0.00425759645015004,-0.00145186497796389,2.24337049037349e-06,AEN,500,20,0.05,0.3
-0.00123026409738945,-0.00263312983348252,0.000172601638703619,0.104386427627634,RF,500,20,0.05,0.3
0.00994378763829376,0.00853712881067003,0.0113504464659175,0,GLM,100,1,0.05,0.6
-0.00135016339964729,-0.00276070459641462,6.03777971200379e-05,0.0654013143306016,EN,100,1,0.05,0.6
-0.0129255998380408,-0.0143366763108598,-0.0115145233652218,0,AEN,100,1,0.05,0.6
0.00564758037285884,0.00424092154523511,0.00705423920048257,0,RF,100,1,0.05,0.6
0.00978999237680946,0.00838631378213402,0.0111936709714849,0,GLM,1000,20,0.1,0.6
-0.000725015535017789,-0.00212869412969323,0.000678663059657647,0.523422162543835,EN,1000,20,0.1,0.6
-0.0139498016385523,-0.0153534802332277,-0.0125461230438768,0,AEN,1000,20,0.1,0.6
0.00164158543930094,0.000237906844625508,0.00304526403397638,0.0153471881467985,RF,1000,20,0.1,0.6
0.0119847583056291,0.0105808735302054,0.0133886430810528,0,GLM,500,10,0.1,0.6
-0.00119187601199981,-0.00259576078742354,0.00021200876342391,0.121629798752962,EN,500,10,0.1,0.6
-0.0165485369900201,-0.0179524217654438,-0.0151446522145963,0,AEN,500,10,0.1,0.6
0.00247178381356739,0.00106789903814366,0.00387566858899111,6.35054383055778e-05,RF,500,10,0.1,0.6
0.00273933689012767,0.00133594920605307,0.00414272457420227,2.42431136422416e-05,GLM,5000,10,0.01,0.95
-9.08111307032639e-05,-0.00149419881477787,0.00131257655337134,0.99955929314249,EN,5000,10,0.01,0.95
-0.00400583642456982,-0.00540922410864442,-0.00260244874049522,8.11439804238034e-12,AEN,5000,10,0.01,0.95
0.00122611530377139,-0.000177272380303214,0.00262950298784599,0.106104280592626,RF,5000,10,0.01,0.95
0.00562051494786095,0.00420057776760259,0.00704045212811932,0,GLM,500,1,0.01,0.95
-1.57214275518097e-06,-0.00143434609187256,0.0014312018063622,0.999999999962259,EN,500,1,0.01,0.95
-0.00817367999071775,-0.00960795266104287,-0.00673940732039264,0,AEN,500,1,0.01,0.95
0.00396663014366699,0.00254878345881315,0.00538447682852082,1.97729610462716e-11,RF,500,1,0.01,0.95
0.0072164206819576,0.00581378224298102,0.00861905912093418,0,GLM,1000,10,0.05,0.95
-0.000101085486988839,-0.00150372392596542,0.00130155295198774,0.999327634278684,EN,1000,10,0.05,0.95
-0.0121790413582694,-0.013581679797246,-0.0107764029192928,0,AEN,1000,10,0.05,0.95
0.00237091527949258,0.000968276840516003,0.00377355371846916,0.00013260765654266,RF,1000,10,0.05,0.95
0.00702384528364375,0.0056057683875024,0.00844192217978509,0,GLM,100,1,0.05,0.95
-0.000580482119805242,-0.00201117363769985,0.000850209398089367,0.715987444529354,EN,100,1,0.05,0.95
-0.0169248029916719,-0.0183549374241923,-0.0154946685591515,0,AEN,100,1,0.05,0.95
0.00708507861054346,0.00566839400595086,0.00850176321513606,0,RF,100,1,0.05,0.95
0.00898091248593619,0.00757752864490342,0.010384296326969,0,GLM,1000,20,0.1,0.95
-7.87499499003141e-05,-0.00148213379093308,0.00132463389113245,0.999749132155973,EN,1000,20,0.1,0.95
-0.0163621314681513,-0.0177655153091841,-0.0149587476271186,0,AEN,1000,20,0.1,0.95
0.00193707532312294,0.000533691482090173,0.00334045916415571,0.00284650553124499,RF,1000,20,0.1,0.95
0.0106413760958954,0.00923871532810964,0.0120440368636812,0,GLM,500,10,0.1,0.95
-0.000286282565683971,-0.00168894333346974,0.0011163782021018,0.965356055265478,EN,500,10,0.1,0.95
-0.0194289658260834,-0.0208316265938692,-0.0180263050582977,0,AEN,500,10,0.1,0.95
0.00295448804419762,0.00155182727641185,0.00435714881198339,9.35130714863064e-07,RF,500,10,0.1,0.95
0.00746173759178421,0.00605911421718187,0.00886436096638654,0,GLM,1000,1,0.01,0
-0.000389218931802916,-0.00179184230640525,0.00101340444279942,0.903221957630982,EN,1000,1,0.01,0
-0.0121554867089647,-0.0135581100835671,-0.0107528633343624,0,AEN,1000,1,0.01,0
-0.00530734752936373,-0.00670997090396607,-0.00390472415476139,0,RF,1000,1,0.01,0
0.00832620143382734,0.00635138724906962,0.0103010156185851,0,GLM,100,0.5,0.01,0.6
-0.000663518041874228,-0.00292903455455952,0.00160199847081106,0.869386294943623,EN,100,0.5,0.01,0.6
-0.00259331231197162,-0.00485960833500865,-0.000327016288934584,0.0190344198312178,AEN,100,0.5,0.01,0.6
0.0113161233827502,0.00944853271138119,0.0131837140541192,0,RF,100,0.5,0.01,0.6
0.00848098257090839,0.00707812473783311,0.00988384040398367,0,GLM,500,0.5,0.01,0
-0.000355982962476811,-0.00175884079555209,0.00104687487059847,0.927354823982726,EN,500,0.5,0.01,0
-0.0135309125234335,-0.0149337703565087,-0.0121280546903582,0,AEN,500,0.5,0.01,0
-0.00564210819632371,-0.00704496602939899,-0.00423925036324844,0,RF,500,0.5,0.01,0
0.0101540353030268,0.00875061941414298,0.0115574511919106,0,GLM,100,0.5,0.05,0
-0.00147752225679559,-0.00288128913127672,-7.37553823144691e-05,0.0353346539345833,EN,100,0.5,0.05,0
-0.0300080068515096,-0.0314135379178073,-0.0286024757852119,0,AEN,100,0.5,0.05,0
-0.00504938375727917,-0.00645279964616299,-0.00364596786839536,0,RF,100,0.5,0.05,0
0.0119053042711223,0.0105027259114932,0.0133078826307515,0,GLM,1000,10,0.1,0
-0.00100879927224197,-0.0024113776318711,0.000393779087387161,0.234557058123872,EN,1000,10,0.1,0
-0.0234729902938101,-0.0248755686534393,-0.022070411934181,0,AEN,1000,10,0.1,0
-0.0106822684222462,-0.0120848467818753,-0.00927969006261707,0,RF,1000,10,0.1,0
0.0161625157514134,0.0147594797106628,0.017565551792164,0,GLM,100,1,0.1,0
-0.00116815624508382,-0.00257119228583442,0.000234879795666787,0.133171399129014,EN,100,1,0.1,0
-0.0390257358919402,-0.040429298762689,-0.0376221730211914,0,AEN,100,1,0.1,0
-0.00687177164777322,-0.00827480768852383,-0.00546873560702262,0,RF,100,1,0.1,0
0.00682450925860618,0.00542160810207478,0.00822741041513757,0,GLM,1000,1,0.01,0.3
-0.000406875678115703,-0.0018097768346471,0.000996025478415691,0.888870147464602,EN,1000,1,0.01,0.3
-0.0110736513623958,-0.0124765525189272,-0.00967075020586441,0,AEN,1000,1,0.01,0.3
-0.00410143044422665,-0.00550433160075805,-0.00269852928769526,2.3777646518397e-12,RF,1000,1,0.01,0.3
0.00796627561317068,0.00656334703536854,0.00936920419097283,0,GLM,500,0.5,0.01,0.3
-0.000530148698739089,-0.00193307727654123,0.000872779879063056,0.76354632198482,EN,500,0.5,0.01,0.3
-0.013090998313075,-0.0144939268908772,-0.0116880697352729,0,AEN,500,0.5,0.01,0.3
-0.00410420504739616,-0.0055071336251983,-0.00270127646959401,1.78912440418344e-12,RF,500,0.5,0.01,0.3
0.00857900793990085,0.00717564499503411,0.00998237088476759,0,GLM,100,0.5,0.05,0.3
-0.000902353827300403,-0.00230624346135677,0.000501535806755963,0.327867414373981,EN,100,0.5,0.05,0.3
-0.0266884196815708,-0.0280947856206504,-0.0252820537424912,0,AEN,100,0.5,0.05,0.3
-0.000429880578929231,-0.00183324352379597,0.000973482365937511,0.868826028115256,RF,100,0.5,0.05,0.3
0.010854156934625,0.0094512888826005,0.0122570249866494,0,GLM,1000,10,0.1,0.3
-0.000594212596929086,-0.00199708064895355,0.000808655455095377,0.686489863580565,EN,1000,10,0.1,0.3
-0.0208141249453015,-0.0222169929973259,-0.019411256893277,0,AEN,1000,10,0.1,0.3
-0.00936367936365166,-0.0107665474156761,-0.0079608113116272,0,RF,1000,10,0.1,0.3
0.0150083504074632,0.0136056728602078,0.0164110279547187,0,GLM,100,1,0.1,0.3
-0.00174756429080042,-0.00315024183805586,-0.000344886743544974,0.00874128209973013,EN,100,1,0.1,0.3
-0.0361062081908711,-0.0375097643336071,-0.034702652048135,0,AEN,100,1,0.1,0.3
-0.00312121989710121,-0.00452389744435665,-0.00171854234984576,2.50632854470467e-07,RF,100,1,0.1,0.3
0.00575975269536969,0.00435685987213799,0.00716264551860138,0,GLM,1000,1,0.01,0.6
-0.00035632654792675,-0.00175921937115844,0.00104656627530494,0.927128112780147,EN,1000,1,0.01,0.6
-0.00865298338436002,-0.0100558762075917,-0.00725009056112833,0,AEN,1000,1,0.01,0.6
-0.00108910146959034,-0.00249199429282203,0.000313791353641351,0.177977445968075,RF,1000,1,0.01,0.6
0.00609209041733903,0.00468928399953808,0.00749489683513999,0,GLM,500,20,0.05,0.6
-0.00051060879042901,-0.00191341520822997,0.000892197627371948,0.785826949820994,EN,500,20,0.05,0.6
-0.00299033937433218,-0.00439314579213314,-0.00158753295653123,7.54895074450701e-07,AEN,500,20,0.05,0.6
-0.00131935208439782,-0.00272215850219878,8.34543334031397e-05,0.0722228534733406,RF,500,20,0.05,0.6
0.00638702190191816,0.00498393112851464,0.00779011267532168,0,GLM,500,0.5,0.01,0.6
-0.000422286374567558,-0.00182537714797108,0.00098080439883596,0.875504719201652,EN,500,0.5,0.01,0.6
-0.0102984907313208,-0.0117015815047243,-0.00889539995791726,0,AEN,500,0.5,0.01,0.6
-0.000398303569480306,-0.00180139434288382,0.00100478720392321,0.895967877155878,RF,500,0.5,0.01,0.6
0.00299182821328084,0.00158842984394214,0.00439522658261954,9.48147677148903e-07,GLM,100,0.5,0.05,0.6
-0.00106288724307049,-0.00246716355955127,0.000341389073410285,0.196135571023842,EN,100,0.5,0.05,0.6
-0.0250920043578174,-0.026498225778735,-0.0236857829368997,0,AEN,100,0.5,0.05,0.6
0.0053569645858744,0.00395356621653569,0.0067603629552131,0,RF,100,0.5,0.05,0.6
0.00966992510227338,0.00826759445351906,0.0110722557510277,0,GLM,1000,10,0.1,0.6
-0.000588276492631754,-0.00199060714138608,0.000814054156122571,0.693787602999519,EN,1000,10,0.1,0.6
-0.0183529417667648,-0.0197552724155191,-0.0169506111180105,0,AEN,1000,10,0.1,0.6
-0.00548607539535455,-0.00688840604410887,-0.00408374474660022,0,RF,1000,10,0.1,0.6
0.012260964632535,0.0108585131294351,0.0136634161356349,0,GLM,100,1,0.1,0.6
-0.000342526924827391,-0.00174497842792729,0.00105992457827251,0.936043368673627,EN,100,1,0.1,0.6
-0.0322081035508663,-0.0336116096610859,-0.0308045974406468,0,AEN,100,1,0.1,0.6
0.00442793324101179,0.00302548173791189,0.00583038474411169,2.48689957516035e-14,RF,100,1,0.1,0.6
0.00498631351919645,0.00358351357201893,0.00638911346637396,1.99840144432528e-15,GLM,1000,1,0.01,0.95
-4.39971620033938e-05,-0.00144697249205928,0.00135897816805249,0.999975238869513,EN,1000,1,0.01,0.95
-0.0115777274543866,-0.0129805274015641,-0.0101749275072091,0,AEN,1000,1,0.01,0.95
0.00344611988104951,0.00204331993387199,0.00484891982822702,1.23585667255455e-08,RF,1000,1,0.01,0.95
0.00530575155969453,0.00389712348613792,0.00671437963325115,0,GLM,500,0.5,0.01,0.95
-0.000206664105145138,-0.00161989141297537,0.00120656320268509,0.989645316393932,EN,500,0.5,0.01,0.95
-0.0149000430876436,-0.0163134494091762,-0.0134866367661111,0,AEN,500,0.5,0.01,0.95
0.00494347010742809,0.00353519148092626,0.00635174873392991,0,RF,500,0.5,0.01,0.95
-0.00647745799766329,-0.00789038013729972,-0.00506453585802686,0,GLM,100,0.5,0.05,0.95
-0.000306775076742413,-0.00172915666307004,0.00111560650958522,0.957738981090391,EN,100,0.5,0.05,0.95
-0.028759380252352,-0.0301847067312449,-0.0273340537734591,0,AEN,100,0.5,0.05,0.95
0.0123827210840128,0.010969973197611,0.0137954689704145,0,RF,100,0.5,0.05,0.95
0.0088836145288058,0.00748059462803173,0.0102866344295799,0,GLM,1000,10,0.1,0.95
-0.000223823210538585,-0.00162684311131266,0.00117919669023549,0.98574136513179,EN,1000,10,0.1,0.95
-0.0190676855204047,-0.0204707054211788,-0.0176646656196306,0,AEN,1000,10,0.1,0.95
0.00333155451171448,0.0019285346109404,0.00473457441248855,2.57360616151558e-08,RF,1000,10,0.1,0.95
0.00107990159084465,-0.000323055630043006,0.0024828588117323,0.184153878102436,GLM,100,1,0.1,0.95
-0.000290808109267904,-0.00169429186707492,0.00111267564853912,0.963480769148477,EN,100,1,0.1,0.95
-0.0336602116067857,-0.0350640471588656,-0.0322563760547058,0,AEN,100,1,0.1,0.95
0.0122614552561689,0.0108584980352813,0.0136644124770566,0,RF,100,1,0.1,0.95
0.00814307440479536,0.00674086497395403,0.0095452838356367,0,GLM,5000,20,0.05,0
-0.000570108181804391,-0.00197231761264573,0.000832101249036948,0.716069191585055,EN,5000,20,0.05,0
-0.0112616219624,-0.0126638313932413,-0.00985941253155864,0,AEN,5000,20,0.05,0
-0.0137478579314587,-0.0151500673623,-0.0123456485006173,0,RF,5000,20,0.05,0
0.011581938759513,0.00957635575336478,0.0135875217656612,0,GLM,100,0.5,0.01,0.95
-0.00105464780818161,-0.00335576529466852,0.0012464696783053,0.600374298596798,EN,100,0.5,0.01,0.95
-0.00454244531510817,-0.00683714945341693,-0.00224774117679942,7.64865899316458e-06,AEN,100,0.5,0.01,0.95
0.0151637906340507,0.0132718182633687,0.0170557630047326,0,RF,100,0.5,0.01,0.95
0.0071736726720605,0.00577097504864809,0.00857637029547291,0,GLM,5000,20,0.05,0.3
-0.000364332987541724,-0.00176703061095413,0.00103836463587069,0.921653695342684,EN,5000,20,0.05,0.3
-0.011321787647598,-0.0127244852710104,-0.00991909002418561,0,AEN,5000,20,0.05,0.3
-0.0123976525191308,-0.0138003501425432,-0.0109949548957184,0,RF,5000,20,0.05,0.3
0.00580028432945931,0.00439746436119052,0.0072031042977281,0,GLM,5000,20,0.05,0.6
-0.000310840721581052,-0.00171366068984985,0.00109197924668774,0.953902644133227,EN,5000,20,0.05,0.6
-0.0102003242798241,-0.0116031442480929,-0.00879750431155527,0,AEN,5000,20,0.05,0.6
-0.00783073547786976,-0.00923355544613856,-0.00642791550960097,0,RF,5000,20,0.05,0.6
0.00361366599982174,0.00221086231748522,0.00501646968215826,1.30918520468981e-09,GLM,5000,20,0.05,0.95
-7.00036050292757e-05,-0.0014728072873658,0.00133280007730724,0.999842695055403,EN,5000,20,0.05,0.95
-0.0050317021194326,-0.00643450580176912,-0.00362889843709608,0,AEN,5000,20,0.05,0.95
0.000300585322323105,-0.00110221836001342,0.00170338900465962,0.958936197317629,RF,5000,20,0.05,0.95
0.00990774991086057,0.00850572943967297,0.0113097703820482,0,GLM,1000,0.5,0.01,0
-0.000212399926014364,-0.00161442039720196,0.00118962054517323,0.988257722046081,EN,1000,0.5,0.01,0
-0.0209319455734057,-0.0223339660445933,-0.0195299251022181,0,AEN,1000,0.5,0.01,0
-0.0288992525419316,-0.0303012730131192,-0.027497232070744,0,RF,1000,0.5,0.01,0
-0.0254169005385673,-0.0268201263708428,-0.0240136747062919,0,GLM,100,0.5,0.1,0
-0.000213838952909107,-0.00161706478518451,0.0011893868793663,0.988012844083981,EN,100,0.5,0.1,0
-0.0527098976881766,-0.0541250445616277,-0.0512947508147255,0,AEN,100,0.5,0.1,0
-0.0258061769289495,-0.0272094027612249,-0.0244029510966741,0,RF,100,0.5,0.1,0
0.00857352109776052,0.00717048659492412,0.00997655560059693,0,GLM,1000,0.5,0.01,0.3
-0.000194132714769812,-0.00159716721760622,0.00120890178806659,0.991613995721625,EN,1000,0.5,0.01,0.3
-0.0189158694861216,-0.0203189039889581,-0.0175128349832852,0,AEN,1000,0.5,0.01,0.3
-0.0239520911793642,-0.0253551256822006,-0.0225490566765278,0,RF,1000,0.5,0.01,0.3
-0.0258747271116956,-0.0272787100843964,-0.0244707441389948,0,GLM,100,0.5,0.1,0.3
-0.000953286531349962,-0.00235726950405076,0.00045069644135084,0.280581433164691,EN,100,0.5,0.1,0.3
-0.0474281601705193,-0.0488416654351635,-0.0460146549058751,0,AEN,100,0.5,0.1,0.3
-0.0162316236506882,-0.017635606623389,-0.0148276406779874,0,RF,100,0.5,0.1,0.3
0.00668196927848171,0.00527973300426836,0.00808420555269505,0,GLM,1000,0.5,0.01,0.6
-0.000166088648343242,-0.00156832492255658,0.0012361476258701,0.995362668954717,EN,1000,0.5,0.01,0.6
-0.0156380121793566,-0.01704024845357,-0.0142357759051433,0,AEN,1000,0.5,0.01,0.6
-0.0134204376095848,-0.0148226738837981,-0.0120182013353714,0,RF,1000,0.5,0.01,0.6
-0.0282555236695897,-0.0296591019769153,-0.0268519453622642,0,GLM,100,0.5,0.1,0.6
-0.000349171405169824,-0.00175274971249538,0.00105440690215573,0.932068094882789,EN,100,0.5,0.1,0.6
-0.0404717578007922,-0.0418868883877921,-0.0390566272137923,0,AEN,100,0.5,0.1,0.6
-0.00176056589462706,-0.00316414420195262,-0.0003569875873015,0.00799431332287959,RF,100,0.5,0.1,0.6
0.00501551237346748,0.00361255732192759,0.00641846742500737,0,GLM,1000,0.5,0.01,0.95
-0.000153055529729634,-0.00155601058126953,0.00124989952181026,0.996611541062703,EN,1000,0.5,0.01,0.95
-0.0133362649629401,-0.0147392200144799,-0.0119333099114002,0,AEN,1000,0.5,0.01,0.95
0.00363011265568259,0.0022271576041427,0.00503306770722248,6.34859720349823e-10,RF,1000,0.5,0.01,0.95
0.0058842478025125,0.00448138875444851,0.00728710685057648,0,GLM,500,20,0.05,0.95
-6.65137505921898e-05,-0.00146937279865617,0.00133634529747179,0.999871598055341,EN,500,20,0.05,0.95
-0.00458288129167088,-0.00598574033973486,-0.00318002224360689,3.33066907387547e-15,AEN,500,20,0.05,0.95
-0.00216534751698308,-0.00356820656504706,-0.000762488468919095,0.000640257322825799,RF,500,20,0.05,0.95
-0.0425141220292397,-0.0439170343141988,-0.0411112097442805,0,GLM,100,0.5,0.1,0.95
-0.000373592021127564,-0.00177650430608672,0.00102932026383159,0.915379118762001,EN,100,0.5,0.1,0.95
-0.0436794535316216,-0.0450954029687735,-0.0422635040944698,0,AEN,100,0.5,0.1,0.95
0.0172685251970798,0.0158656129121206,0.0186714374820389,0,RF,100,0.5,0.1,0.95
0.0093572210720944,0.00795421131773649,0.0107602308264523,0,GLM,5000,10,0.05,0
-0.000237367855580803,-0.00164037760993871,0.00116564189877711,0.982306887179585,EN,5000,10,0.05,0
-0.0114841733299201,-0.012887183084278,-0.0100811635755622,0,AEN,5000,10,0.05,0
-0.0451594473508365,-0.0465624571051944,-0.0437564375964786,0,RF,5000,10,0.05,0
0.0136761894157425,0.0122731479782624,0.0150792308532226,0,GLM,500,1,0.05,0
-0.000276459415948518,-0.00167950085342861,0.00112658202153158,0.969368440383264,EN,500,1,0.05,0
-0.04150513295809,-0.0429081743955701,-0.0401020915206099,0,AEN,500,1,0.05,0
-0.0517248278264252,-0.0531278692639053,-0.0503217863889452,0,RF,500,1,0.05,0
0.00975065727365725,0.00834788099029938,0.0111534335570151,0,GLM,5000,20,0.1,0
-0.000339934248784118,-0.00174271053214198,0.00106284203457375,0.937617780524736,EN,5000,20,0.1,0
-0.0121848528197311,-0.013587629103089,-0.0107820765363733,0,AEN,5000,20,0.1,0
-0.0482518068632892,-0.0496545831466471,-0.0468490305799313,0,RF,5000,20,0.1,0
0.00812243997741986,0.00671999917610488,0.00952488077873484,0,GLM,5000,10,0.05,0.3
-0.000249899311351595,-0.00165234011266657,0.00115254148996338,0.978665813206696,EN,5000,10,0.05,0.3
-0.0125427671042329,-0.0139452079055478,-0.0111403263029179,0,AEN,5000,10,0.05,0.3
-0.0395703064662116,-0.0409727472675266,-0.0381678656648966,0,RF,5000,10,0.05,0.3
0.0121476342203013,0.010745089725831,0.0135501787147716,0,GLM,500,1,0.05,0.3
-0.000103232516731971,-0.00150577701120229,0.00129931197773834,0.999269690518959,EN,500,1,0.05,0.3
-0.0386044246116178,-0.0400069691060881,-0.0372018801171475,0,AEN,500,1,0.05,0.3
-0.0437185427941491,-0.0451210872886194,-0.0423159982996788,0,RF,500,1,0.05,0.3
0.00843984561725304,0.00703626214234979,0.00984342909215629,0,GLM,5000,20,0.1,0.3
-0.000316371365646925,-0.00171995484055018,0.00108721210925633,0.951037128856346,EN,5000,20,0.1,0.3
-0.012722042183676,-0.0141256256585793,-0.0113184587087728,0,AEN,5000,20,0.1,0.3
-0.0428119602031792,-0.0442155436780824,-0.0414083767282759,0,RF,5000,20,0.1,0.3
0.00659087986340658,0.00518823742542893,0.00799352230138422,0,GLM,5000,10,0.05,0.6
-0.00023278006413599,-0.00163542250211364,0.00116986237384166,0.983526949245618,EN,5000,10,0.05,0.6
-0.0133194594770689,-0.0147221019150465,-0.0119168170390912,0,AEN,5000,10,0.05,0.6
-0.0270864772402707,-0.0284891196782484,-0.0256838348022931,0,RF,5000,10,0.05,0.6
0.00966672422013948,0.0082636347263181,0.0110698137139609,0,GLM,500,1,0.05,0.6
-0.00044868082670016,-0.00185177032052154,0.000954408667121217,0.850916730464295,EN,500,1,0.05,0.6
-0.0319826960786893,-0.0333857855725107,-0.0305796065848679,0,AEN,500,1,0.05,0.6
-0.0281860169221701,-0.0295891064159914,-0.0267829274283487,0,RF,500,1,0.05,0.6
0.00705651894911195,0.00565385188896791,0.00845918600925599,0,GLM,5000,20,0.1,0.6
-0.000143311659663914,-0.00154597871980795,0.00125935540048012,0.997371536432281,EN,5000,20,0.1,0.6
-0.0126712033000082,-0.0140738703601523,-0.0112685362398642,0,AEN,5000,20,0.1,0.6
-0.0301978046017863,-0.0316004716619303,-0.0287951375416422,0,RF,5000,20,0.1,0.6
0.00228079928091447,0.000878142153107706,0.00368345640872124,0.000275286961363475,GLM,5000,20,0.01,0
-0.000255467600260566,-0.00165812472806733,0.0011471895275462,0.976898250320209,EN,5000,20,0.01,0
-0.00132706933207081,-0.00272972645987758,7.55877957359539e-05,0.0698436871722915,AEN,5000,20,0.01,0
0.000758128132729199,-0.000644528995077566,0.00216078526053597,0.48358249483175,RF,5000,20,0.01,0
0.00312480466847016,0.00172225477024929,0.00452735456669104,1.91331287480168e-07,GLM,5000,10,0.05,0.95
-2.6926875885569e-05,-0.00142947677410644,0.0013756230223353,0.999996509813549,EN,5000,10,0.05,0.95
-0.0057834632584543,-0.00718601315667517,-0.00438091336023343,0,AEN,5000,10,0.05,0.95
-0.00278430579530012,-0.00418685569352099,-0.00138175589707925,4.18293441395434e-06,RF,5000,10,0.05,0.95
0.00647760200850708,0.00507501039822945,0.00788019361878472,0,GLM,500,1,0.05,0.95
-0.000257140305713055,-0.00165973191599069,0.00114545130456458,0.976348829531967,EN,500,1,0.05,0.95
-0.0247348089813227,-0.0261374005916004,-0.0233322173710451,0,AEN,500,1,0.05,0.95
0.00552534317426133,0.00412275156398369,0.00692793478453897,0,RF,500,1,0.05,0.95
0.00357462069741514,0.00217211710158089,0.00497712429324939,3.27549432022067e-09,GLM,5000,20,0.1,0.95
-3.47826292772385e-05,-0.00143728622511149,0.00136772096655701,0.999990297699877,EN,5000,20,0.1,0.95
-0.00659500441559967,-0.00799750801143392,-0.00519250081976542,0,AEN,5000,20,0.1,0.95
-0.00390517064027163,-0.00530767423610588,-0.00250266704443738,2.67843525136868e-11,RF,5000,20,0.1,0.95
0.00948125200813042,0.00807855716733456,0.0108839468489263,0,GLM,5000,1,0.01,0
-0.000225540840760853,-0.00162823568155671,0.001177154000035,0.985333590909893,EN,5000,1,0.01,0
-0.0118901670667647,-0.0132928619075605,-0.0104874722259688,0,AEN,5000,1,0.01,0
-0.0781633266254867,-0.0795660214662825,-0.0767606317846908,0,RF,5000,1,0.01,0
0.0124542118351218,0.0110520685983625,0.013856355071881,0,GLM,1000,1,0.05,0
-0.00020132424819222,-0.00160346748495144,0.001200818988567,0.990386148889008,EN,1000,1,0.05,0
-0.0377401343125411,-0.0391422775493003,-0.0363379910757818,0,AEN,1000,1,0.05,0
-0.0914369799975665,-0.0928391232343257,-0.0900348367608073,0,RF,1000,1,0.05,0
-0.00397053113867259,-0.00537322155178864,-0.00256784072555653,9.10116426666718e-12,GLM,500,0.5,0.05,0
-1.43240441259074e-05,-0.00141701445724196,0.00138836636899015,0.999999720186604,EN,500,0.5,0.05,0
-0.0598219206606475,-0.0612258421984305,-0.0584179991228644,0,AEN,500,0.5,0.05,0
-0.0904727095815331,-0.0918753999946491,-0.089070019168417,0,RF,500,0.5,0.05,0
0.0106825827659222,0.00927989624299059,0.0120852692888538,0,GLM,5000,10,0.1,0
-0.000108029062263731,-0.00151071558519534,0.00129465746066788,0.999127036992632,EN,5000,10,0.1,0
-0.0127110356602842,-0.0141137221832158,-0.0113083491373526,0,AEN,5000,10,0.1,0
-0.0927450145598431,-0.0941477010827747,-0.0913423280369115,0,RF,5000,10,0.1,0
-0.00225963462163649,-0.00366237385625082,-0.000856895387022158,0.000351900108009562,GLM,500,1,0.1,0
9.72628635733802e-05,-0.00130547637104095,0.00150000209818771,0.999422864744587,EN,500,1,0.1,0
-0.0600518243585663,-0.0614568560845021,-0.0586467926326305,0,AEN,500,1,0.1,0
-0.0944861319853199,-0.0958888712199342,-0.0930833927507056,0,RF,500,1,0.1,0
0.00833563157295131,0.00693326396491445,0.00973799918098816,0,GLM,5000,1,0.01,0.3
-0.000118558222409838,-0.00152092583044669,0.00128380938562701,0.99874324123486,EN,5000,1,0.01,0.3
-0.0132547459679095,-0.0146571135759464,-0.0118523783598727,0,AEN,5000,1,0.01,0.3
-0.0673080906164915,-0.0687104582245284,-0.0659057230084546,0,RF,5000,1,0.01,0.3
0.0105641020812791,0.00916134935574431,0.0119668548068139,0,GLM,1000,1,0.05,0.3
-5.35775502784608e-05,-0.00145633027581326,0.00134917517525634,0.999945671173755,EN,1000,1,0.05,0.3
-0.03719141976398,-0.0385941724895148,-0.0357886670384451,0,AEN,1000,1,0.05,0.3
-0.0784477837259559,-0.0798505364514907,-0.0770450310004211,0,RF,1000,1,0.05,0.3
